{
  "fold_results": {
    "rule": {
      "precision": [
        0.022763366860772894,
        0.026872399445214978,
        0.01886094674556213,
        0.024578893090409074,
        0.019691780821917807
      ],
      "recall": [
        0.4201954397394137,
        0.42005420054200543,
        0.36428571428571427,
        0.3793103448275862,
        0.42124542124542125
      ],
      "f1": [
        0.043187144291931705,
        0.050513280104285484,
        0.035864978902953586,
        0.04616626311541566,
        0.03762473417307378
      ],
      "support": [
        307,
        369,
        280,
        377,
        273
      ]
    },
    "presidio": {
      "precision": [
        0.16962025316455695,
        0.17417417417417416,
        0.16237799467613132,
        0.16878267363704258,
        0.14399363564041368
      ],
      "recall": [
        0.6547231270358306,
        0.6287262872628726,
        0.6535714285714286,
        0.5994694960212201,
        0.663003663003663
      ],
      "f1": [
        0.2694369973190348,
        0.2727807172251617,
        0.2601279317697228,
        0.2634032634032634,
        0.23660130718954248
      ],
      "support": [
        307,
        369,
        280,
        377,
        273
      ]
    },
    "customdeberta": {
      "precision": [
        0.8996539792387543,
        0.9683544303797469,
        0.972,
        0.9801980198019802,
        0.9659574468085106
      ],
      "recall": [
        0.8469055374592834,
        0.8292682926829268,
        0.8678571428571429,
        0.7877984084880637,
        0.8315018315018315
      ],
      "f1": [
        0.8724832214765103,
        0.8934306569343066,
        0.9169811320754717,
        0.8735294117647058,
        0.8937007874015748
      ],
      "support": [
        307,
        369,
        280,
        377,
        273
      ]
    }
  },
  "summary": {
    "rule": {
      "precision": {
        "mean": 0.022553477392775377,
        "std": 0.0033400426597692367,
        "min": 0.01886094674556213,
        "max": 0.026872399445214978,
        "values": [
          0.022763366860772894,
          0.026872399445214978,
          0.01886094674556213,
          0.024578893090409074,
          0.019691780821917807
        ]
      },
      "recall": {
        "mean": 0.4010182241280282,
        "std": 0.02720194295865273,
        "min": 0.36428571428571427,
        "max": 0.42124542124542125,
        "values": [
          0.4201954397394137,
          0.42005420054200543,
          0.36428571428571427,
          0.3793103448275862,
          0.42124542124542125
        ]
      },
      "f1": {
        "mean": 0.042671280117532046,
        "std": 0.006036790289285895,
        "min": 0.035864978902953586,
        "max": 0.050513280104285484,
        "values": [
          0.043187144291931705,
          0.050513280104285484,
          0.035864978902953586,
          0.04616626311541566,
          0.03762473417307378
        ]
      },
      "total_support": 1606
    },
    "presidio": {
      "precision": {
        "mean": 0.16378974625846374,
        "std": 0.011838913757801444,
        "min": 0.14399363564041368,
        "max": 0.17417417417417416,
        "values": [
          0.16962025316455695,
          0.17417417417417416,
          0.16237799467613132,
          0.16878267363704258,
          0.14399363564041368
        ]
      },
      "recall": {
        "mean": 0.6398988003790029,
        "std": 0.025980231906227263,
        "min": 0.5994694960212201,
        "max": 0.663003663003663,
        "values": [
          0.6547231270358306,
          0.6287262872628726,
          0.6535714285714286,
          0.5994694960212201,
          0.663003663003663
        ]
      },
      "f1": {
        "mean": 0.26047004338134505,
        "std": 0.014233730544512359,
        "min": 0.23660130718954248,
        "max": 0.2727807172251617,
        "values": [
          0.2694369973190348,
          0.2727807172251617,
          0.2601279317697228,
          0.2634032634032634,
          0.23660130718954248
        ]
      },
      "total_support": 1606
    },
    "customdeberta": {
      "precision": {
        "mean": 0.9572327752457984,
        "std": 0.03263664443873947,
        "min": 0.8996539792387543,
        "max": 0.9801980198019802,
        "values": [
          0.8996539792387543,
          0.9683544303797469,
          0.972,
          0.9801980198019802,
          0.9659574468085106
        ]
      },
      "recall": {
        "mean": 0.8326662425978497,
        "std": 0.02944138852762597,
        "min": 0.7877984084880637,
        "max": 0.8678571428571429,
        "values": [
          0.8469055374592834,
          0.8292682926829268,
          0.8678571428571429,
          0.7877984084880637,
          0.8315018315018315
        ]
      },
      "f1": {
        "mean": 0.8900250419305138,
        "std": 0.018245282908417683,
        "min": 0.8724832214765103,
        "max": 0.9169811320754717,
        "values": [
          0.8724832214765103,
          0.8934306569343066,
          0.9169811320754717,
          0.8735294117647058,
          0.8937007874015748
        ]
      },
      "total_support": 1606
    }
  },
  "mcnemar": [
    {
      "method1": "rule",
      "method2": "presidio",
      "p_values": [
        2.3269214688426132e-07,
        0.04169689297744239,
        6.218429104976053e-10,
        2.7277211600562623e-09,
        0.002985470891268771
      ],
      "combined_p": 0.0,
      "significant_005": true,
      "significant_001": true
    },
    {
      "method1": "rule",
      "method2": "customdeberta",
      "p_values": [
        0.006010440200876155,
        0.010080079357191352,
        0.00018119740367394943,
        1.2239351211418281e-06,
        4.6668548092654305e-07
      ],
      "combined_p": 1.3322676295501878e-15,
      "significant_005": true,
      "significant_001": true
    },
    {
      "method1": "presidio",
      "method2": "customdeberta",
      "p_values": [
        0.8241408957418852,
        0.0777141828631801,
        0.2286442623410767,
        0.00012089809642612526,
        0.8123803640878846
      ],
      "combined_p": 0.0026968339028499155,
      "significant_005": true,
      "significant_001": true
    }
  ],
  "ttests": [
    {
      "method1": "rule",
      "method2": "presidio",
      "t_stat": -44.10263977215571,
      "p_value": 1.580541209074087e-06,
      "wilcoxon_p": 0.0625,
      "cohens_d": -22.051319886077856,
      "significant_005": true,
      "significant_001": true
    },
    {
      "method1": "rule",
      "method2": "customdeberta",
      "t_stat": -85.56589767440688,
      "p_value": 1.1182864435805032e-07,
      "wilcoxon_p": 0.0625,
      "cohens_d": -42.78294883720344,
      "significant_005": true,
      "significant_001": true
    },
    {
      "method1": "presidio",
      "method2": "customdeberta",
      "t_stat": -54.554633483667224,
      "p_value": 6.758533843674743e-07,
      "wilcoxon_p": 0.0625,
      "cohens_d": -27.277316741833612,
      "significant_005": true,
      "significant_001": true
    }
  ]
}